{"id":"bd3b6fc7-585f-481d-b0e5-9fd65d699b91","connectorTypeString":"SAP_CLOUD_IDENTITY","accessMode":"READ","destinationName":"","alias":"IAS abcdef123.com Source for Ariba setup","gitAllowedExpressions":[],"gitDisallowedExpressions":[],"emailSubscribers":[],"name":"IAS as Source for Ariba setup","tenantId":"azr2ixkzu","state":"ENABLED","systemManagementType":"CUSTOMER_MANAGED","properties":{"Authentication":"BasicAuthentication","ias.api.version":"2","ips.failed.request.retry.attempts":"2","ips.failed.request.retry.attempts.interval":"60","ips.trace.failed.entity.content":"false","ProxyType":"Internet","Type":"HTTP","URL":"https://abcdef123.com.accounts.ondemand.com","User":"xyzxyzxyz"},"encryptedProperties":{"Password":null},"automaticOutboundCertificateRenew":false,"transformationChanged":false,"readTransformationChanged":false,"writeTransformationChanged":false,"fromImport":false,"transformation":{"user":{"mappings":[{"sourcePath":"$.id","targetPath":"$['urn:sap:cloud:scim:schemas:extension:custom:2.0:User']['userId']","targetVariable":"entityIdSourceSystem"},{"sourcePath":"$['urn:ietf:params:scim:schemas:extension:sap:2.0:User']['userId']","targetPath":"$['urn:ietf:params:scim:schemas:extension:sap:2.0:User']['userId']"},{"sourcePath":"$['urn:ietf:params:scim:schemas:extension:sap:2.0:User']['userUuid']","targetPath":"$['urn:ietf:params:scim:schemas:extension:sap:2.0:User']['userUuid']"},{"sourcePath":"$.schemas","preserveArrayWithSingleElement":true,"targetPath":"$.schemas"},{"sourcePath":"$.userName","optional":true,"targetPath":"$.userName","correlationAttribute":true},{"sourcePath":"$.name.givenName","optional":true,"targetPath":"$.name.givenName"},{"sourcePath":"$.name.middleName","optional":true,"targetPath":"$.name.middleName"},{"sourcePath":"$.name.familyName","optional":true,"targetPath":"$.name.familyName"},{"sourcePath":"$.name.honorificPrefix","optional":true,"targetPath":"$.name.honorificPrefix"},{"sourcePath":"$.emails","preserveArrayWithSingleElement":true,"targetPath":"$.emails"},{"sourcePath":"$.emails[?(@.primary== true)].value","correlationAttribute":true},{"sourcePath":"$.active","targetPath":"$.active"},{"sourcePath":"$.userType","optional":true,"targetPath":"$.userType"},{"sourcePath":"$.addresses","preserveArrayWithSingleElement":true,"optional":true,"targetPath":"$.addresses"},{"sourcePath":"$.locale","optional":true,"targetPath":"$.locale"},{"sourcePath":"$.phoneNumbers","preserveArrayWithSingleElement":true,"optional":true,"targetPath":"$.phoneNumbers"},{"sourcePath":"$.timezone","optional":true,"targetPath":"$.timezone"},{"sourcePath":"$.displayName","optional":true,"targetPath":"$.displayName"},{"sourcePath":"$.groups","preserveArrayWithSingleElement":true,"optional":true,"targetPath":"$.groups"},{"condition":"$.displayName EMPTY true","targetPath":"$.displayName","type":"remove"},{"sourcePath":"$['urn:ietf:params:scim:schemas:extension:sap:2.0:User']['validFrom']","optional":true,"targetPath":"$['urn:ietf:params:scim:schemas:extension:sap:2.0:User']['validFrom']"},{"sourcePath":"$['urn:ietf:params:scim:schemas:extension:sap:2.0:User']['validTo']","optional":true,"targetPath":"$['urn:ietf:params:scim:schemas:extension:sap:2.0:User']['validTo']"},{"sourcePath":"$['urn:ietf:params:scim:schemas:extension:sap:2.0:User']['sourceSystem']","optional":true,"targetPath":"$['urn:ietf:params:scim:schemas:extension:sap:2.0:User']['sourceSystem']"},{"sourcePath":"$['urn:ietf:params:scim:schemas:extension:sap:2.0:User']['sourceSystemId']","optional":true,"targetPath":"$['urn:ietf:params:scim:schemas:extension:sap:2.0:User']['sourceSystemId']"},{"sourcePath":"$['urn:ietf:params:scim:schemas:extension:enterprise:2.0:User']['employeeNumber']","optional":true,"targetPath":"$['urn:ietf:params:scim:schemas:extension:enterprise:2.0:User']['employeeNumber']"},{"sourcePath":"$['urn:ietf:params:scim:schemas:extension:enterprise:2.0:User']['costCenter']","optional":true,"targetPath":"$['urn:ietf:params:scim:schemas:extension:enterprise:2.0:User']['costCenter']"},{"sourcePath":"$['urn:ietf:params:scim:schemas:extension:enterprise:2.0:User']['organization']","optional":true,"targetPath":"$['urn:ietf:params:scim:schemas:extension:enterprise:2.0:User']['organization']"},{"sourcePath":"$['urn:ietf:params:scim:schemas:extension:enterprise:2.0:User']['division']","optional":true,"targetPath":"$['urn:ietf:params:scim:schemas:extension:enterprise:2.0:User']['division']"},{"sourcePath":"$['urn:ietf:params:scim:schemas:extension:enterprise:2.0:User']['department']","optional":true,"targetPath":"$['urn:ietf:params:scim:schemas:extension:enterprise:2.0:User']['department']"},{"sourcePath":"$['urn:ietf:params:scim:schemas:extension:enterprise:2.0:User']['manager']['value']","optional":true,"targetPath":"$['urn:ietf:params:scim:schemas:extension:enterprise:2.0:User']['manager']['value']"},{"sourcePath":"$['urn:ietf:params:scim:schemas:extension:enterprise:2.0:User']['manager']['displayName']","optional":true,"targetPath":"$['urn:ietf:params:scim:schemas:extension:enterprise:2.0:User']['manager']['displayName']"},{"sourcePath":"$['urn:sap:cloud:scim:schemas:extension:custom:2.0:User']","optional":true,"targetPath":"$['urn:sap:cloud:scim:schemas:extension:custom:2.0:User']"},{"sourcePath":"$.company","optional":true,"targetPath":"$['urn:ietf:params:scim:schemas:extension:enterprise:2.0:User']['organization']"}]},"group":{"mappings":[{"sourcePath":"$.id","targetVariable":"entityIdSourceSystem"},{"sourcePath":"$['urn:sap:cloud:scim:schemas:extension:custom:2.0:Group']['name']","targetPath":"$['urn:sap:cloud:scim:schemas:extension:custom:2.0:Group']['name']"},{"sourcePath":"$.displayName","targetPath":"$.displayName"},{"sourcePath":"$.members","preserveArrayWithSingleElement":true,"optional":true,"targetPath":"$.members"}]}},"gitFetchAllowed":false}