{"id":"b081feba-e2ad-4579-a59b-1f88df6d8b1f","connectorTypeString":"CFLP","accessMode":"WRITE","destinationName":"","relatedSystems":["IAS for Ariba Buyer 744953856_XGB - source"],"gitAllowedExpressions":[],"gitDisallowedExpressions":[],"emailSubscribers":[],"name":"IAS to WZ for Ariba Buyer Target System","tenantId":"ailh1zfin","state":"ENABLED","systemManagementType":"CUSTOMER_MANAGED","properties":{"Authentication":"BasicAuthentication","cflp.group.unique.attribute":"externalId,['urn:ietf:params:scim:schemas:extension:2.0:mapping']['providerId']","cflp.patch.group.members.above.threshold":"5000","cflp.providerId":"ariba_buyer","cflp.user.unique.attribute":"emails[0].value,['urn:ietf:params:scim:schemas:extension:2.0:mapping']['providerId'],externalId","ips.trace.failed.entity.content":"true","OAuth2TokenServiceURL":"https://ariba-prod-njonyp43.authentication.eu10.hana.ondemand.com/oauth/token","ProxyType":"Internet","Type":"HTTP","URL":"XXXXXXX","User":"XXXXXXX"},"encryptedProperties":{"Password":null},"automaticOutboundCertificateRenew":false,"transformationChanged":false,"readTransformationChanged":false,"writeTransformationChanged":false,"fromImport":false,"transformation":{"user":{"mappings":[{"sourceVariable":"entityIdTargetSystem","targetPath":"$.id"},{"constant":["urn:ietf:params:scim:schemas:core:2.0:User","urn:ietf:params:scim:schemas:extension:sap:2.0:User","urn:ietf:params:scim:schemas:extension:2.0:mapping"],"targetPath":"$.schemas"},{"constant":"%cflp.providerId%","targetPath":"$['urn:ietf:params:scim:schemas:extension:2.0:mapping']['providerId']"},{"condition":"$.emails[?(@.primary == true)].value == []","sourcePath":"$.emails[0].value","optional":true,"targetPath":"$.emails[0].value"},{"condition":"$.emails[?(@.primary == true)].value != []","sourcePath":"$.emails[?(@.primary == true)].value","preserveArrayWithSingleElement":true,"optional":true,"targetPath":"$.emails[0].value","functions":[{"function":"elementAt","index":0}]},{"condition":"$.emails[0].length() > 0","constant":true,"targetPath":"$.emails[0].primary"},{"sourcePath":"$['urn:ietf:params:scim:schemas:extension:sap:2.0:User']['userUuid']","optional":true,"targetPath":"$.externalId"},{"sourcePath":"$.groups[*].value","preserveArrayWithSingleElement":true,"optional":true,"targetPath":"$.groups[?(@.value)]","functions":[{"function":"resolveEntityIds","entityType":"group"}]}]},"group":{"mappings":[{"sourceVariable":"entityIdTargetSystem","targetPath":"$.id"},{"constant":["urn:ietf:params:scim:schemas:core:2.0:Group","urn:ietf:params:scim:schemas:extension:2.0:mapping"],"targetPath":"$.schemas"},{"constant":"%cflp.providerId%","targetPath":"$['urn:ietf:params:scim:schemas:extension:2.0:mapping']['providerId']"},{"sourcePath":"$.displayName","optional":true,"targetPath":"$.externalId","functions":[{"function":"replaceAllString","regex":" ","replacement":"_"}]},{"sourcePath":"$.externalId","optional":true,"targetPath":"$.externalId","functions":[{"function":"replaceAllString","regex":"(?i)(^pcd:)","replacement":""},{"function":"replaceString","target":"/","replacement":":"},{"function":"replaceString","target":"(","replacement":"@"},{"function":"replaceString","target":")","replacement":"+"}]},{"sourcePath":"$.members[*].value","preserveArrayWithSingleElement":true,"optional":true,"targetPath":"$.members[?(@.value)]","functions":[{"function":"resolveEntityIds"}]}]}},"gitFetchAllowed":false}