{"id":"5a7e70a3-eba3-4c44-88f3-2d0268719e5a","connectorTypeString":"SAP_ARIBA_PLATFORM","accessMode":"READ","destinationName":"","alias":"Ariba to IAS - 744953856 User Sync","gitAllowedExpressions":[],"gitDisallowedExpressions":[],"emailSubscribers":[],"name":"Ariba to IAS User Sync - XXXXXXXXX Source","tenantId":"ailh1zfin","state":"ENABLED","systemManagementType":"CUSTOMER_MANAGED","properties":{"ariba.applications.group.flatten":"true","ariba.applications.group.members.page.size":"50","ariba.applications.group.members.paging.enabled":"true","ariba.applications.realm.id":"ANXXXXXXXXXX","ariba.applications.scim.service.endpoint.custom":"/api/mds/v1/prod/scim/","ariba.applications.user.filter":"userName eq \"nagesh.caparthy\"","ariba.applications.user.groups.page.size":"50","ariba.applications.user.groups.paging.enabled":"true","Authentication":"BasicAuthentication","ips.trace.created.entity":"true","ips.trace.failed.entity.content":"false","ips.trace.updated.entity":"true","OAuth2TokenServiceURL":"https://api-eu.ariba.com/v2/oauth/token","ProxyType":"Internet","Type":"HTTP","URL":"https://eu.openapi.ariba.com","User":"XXXXXXXXXXXX"},"encryptedProperties":{"ariba.applications.api.key":null,"Password":null},"automaticOutboundCertificateRenew":false,"transformationChanged":false,"readTransformationChanged":false,"writeTransformationChanged":false,"fromImport":false,"transformation":{"user":{"mappings":[{"sourcePath":"$.id","targetVariable":"entityIdSourceSystem"},{"sourcePath":"$.schemas","preserveArrayWithSingleElement":true,"targetPath":"$.schemas"},{"sourcePath":"$.userName","targetPath":"$.userName","correlationAttribute":true},{"sourcePath":"$.emails","preserveArrayWithSingleElement":true,"optional":true,"targetPath":"$.emails"},{"sourcePath":"$.emails[?(@.primary == true)].value","optional":true,"correlationAttribute":true},{"sourcePath":"$['urn:ietf:params:scim:schemas:extension:sap:2.0:User']['userUuid']","optional":true,"targetPath":"$['urn:ietf:params:scim:schemas:extension:sap:2.0:User']['userUuid']"},{"sourcePath":"$['urn:ietf:params:scim:schemas:extension:sap.odm:2.0:User']['companyCode']","optional":true,"targetPath":"$['urn:ietf:params:scim:schemas:extension:sap.odm:2.0:User']['companyCode']"},{"sourcePath":"$['urn:ietf:params:scim:schemas:extension:sap.odm:2.0:User']['costCenter']","optional":true,"targetPath":"$['urn:ietf:params:scim:schemas:extension:sap.odm:2.0:User']['costCenter']"},{"sourcePath":"$['urn:ietf:params:scim:schemas:extension:sap.odm:2.0:User']['purchasingGroup']","optional":true,"targetPath":"$['urn:ietf:params:scim:schemas:extension:sap.odm:2.0:User']['purchasingGroup']"},{"sourcePath":"$['urn:ietf:params:scim:schemas:extension:sap.odm:2.0:User']['generalLedgerAccount']","optional":true,"targetPath":"$['urn:ietf:params:scim:schemas:extension:sap.odm:2.0:User']['generalLedgerAccount']"},{"sourcePath":"$['urn:ietf:params:scim:schemas:extension:sap.odm:2.0:User']['purchasingOrganization']","optional":true,"targetPath":"$['urn:ietf:params:scim:schemas:extension:sap.odm:2.0:User']['purchasingOrganization']"},{"sourcePath":"$['urn:ietf:params:scim:schemas:extension:sap.odm:2.0:User']['plant']","optional":true,"targetPath":"$['urn:ietf:params:scim:schemas:extension:sap.odm:2.0:User']['plant']"},{"sourcePath":"$['urn:ietf:params:scim:schemas:extension:sap:ariba:2.0:User']['currency']","optional":true,"targetPath":"$['urn:ietf:params:scim:schemas:extension:sap:ariba:2.0:User']['currency']"},{"sourcePath":"$['urn:ietf:params:scim:schemas:extension:sap:ariba:2.0:User']['deliverTo']","optional":true,"targetPath":"$['urn:ietf:params:scim:schemas:extension:sap:ariba:2.0:User']['deliverTo']"},{"sourcePath":"$['urn:ietf:params:scim:schemas:extension:sap:ariba:2.0:User']['purchasingUnit']","optional":true,"targetPath":"$['urn:ietf:params:scim:schemas:extension:sap:ariba:2.0:User']['purchasingUnit']"},{"sourcePath":"$['urn:ietf:params:scim:schemas:extension:sap:ariba:2.0:User']['network']","optional":true,"targetPath":"$['urn:ietf:params:scim:schemas:extension:sap:ariba:2.0:User']['network']"},{"sourcePath":"$['urn:ietf:params:scim:schemas:extension:sap:ariba:2.0:User']['addresses']","optional":true,"targetPath":"$['urn:ietf:params:scim:schemas:extension:sap:ariba:2.0:User']['addresses']"},{"sourcePath":"$['urn:ietf:params:scim:schemas:extension:sap:ariba:2.0:User']['passwordAdapter']","optional":true,"targetPath":"$['urn:ietf:params:scim:schemas:extension:sap:ariba:2.0:User']['passwordAdapter']"},{"sourcePath":"$['urn:sap:cloud:scim:schemas:extension:custom:2.0:profile:User']['alternativeDisplayNames']","optional":true,"targetPath":"$['urn:sap:cloud:scim:schemas:extension:custom:2.0:profile:User']['alternativeDisplayNames']"},{"sourcePath":"$.displayName","optional":true,"targetPath":"$.displayName"},{"sourcePath":"$.active","optional":true,"targetPath":"$.active"},{"sourcePath":"$.title","optional":true,"targetPath":"$.title"},{"sourcePath":"$.locale","optional":true,"targetPath":"$.locale"},{"sourcePath":"$.phoneNumbers","preserveArrayWithSingleElement":true,"optional":true,"targetPath":"$.phoneNumbers"},{"sourcePath":"$.groups","preserveArrayWithSingleElement":true,"optional":true,"targetPath":"$.groups","functions":[{"function":"concatString","condition":"'%ariba.applications.group.prefix%' !== 'null'","applyOnElements":true,"applyOnAttribute":"display","prefix":"%ariba.applications.group.prefix%"}]},{"sourcePath":"$['urn:ietf:params:scim:schemas:extension:enterprise:2.0:User']['manager']['value']","optional":true,"targetPath":"$['urn:ietf:params:scim:schemas:extension:enterprise:2.0:User']['manager']['value']"}]},"group":{"mappings":[{"sourcePath":"$.id","targetVariable":"entityIdSourceSystem"},{"sourcePath":"$.schemas","preserveArrayWithSingleElement":true,"targetPath":"$.schemas"},{"sourcePath":"$.displayName","targetPath":"$.displayName","functions":[{"function":"concatString","condition":"'%ariba.applications.group.prefix%' !== 'null'","prefix":"%ariba.applications.group.prefix%"}]},{"condition":"'%ips.application.id%' !== 'null'","constant":"%ips.application.id%","targetPath":"$['urn:ietf:params:scim:schemas:extension:sap:2.0:Group']['applicationId']"},{"sourcePath":"$['urn:ietf:params:scim:schemas:extension:sap:2.0:Group']['type']","optional":true,"targetPath":"$['urn:ietf:params:scim:schemas:extension:sap:2.0:Group']['type']"},{"sourcePath":"$['urn:ietf:params:scim:schemas:extension:sap:2.0:Group']['supportedOperations']","optional":true,"targetPath":"$['urn:ietf:params:scim:schemas:extension:sap:2.0:Group']['supportedOperations']"},{"sourcePath":"$['urn:sap:cloud:scim:schemas:extension:custom:2.0:profile:Group']['alternativeDisplayNames']","optional":true,"targetPath":"$['urn:sap:cloud:scim:schemas:extension:custom:2.0:profile:Group']['alternativeDisplayNames']"},{"sourcePath":"$.members","preserveArrayWithSingleElement":true,"optional":true,"targetPath":"$.members"}]}},"gitFetchAllowed":false}