{"id":"20a70e95-5ce7-4200-87d6-b11ed682d48f","connectorTypeString":"SAP_CLOUD_IDENTITY","accessMode":"WRITE","destinationName":"","alias":"Ariba User Sync to IAS - Target System","relatedSystems":["Ariba to IAS User Sync - 744953856 Source"],"gitAllowedExpressions":[],"gitDisallowedExpressions":[],"emailSubscribers":[],"name":"Ariba User Sync to IAS - Target System","tenantId":"ailh1zfin","state":"ENABLED","systemManagementType":"CUSTOMER_MANAGED","properties":{"Authentication":"BasicAuthentication","ias.api.version":"2","ias.support.patch.operation":"true","ias.user.unique.attribute":"userName","ips.failed.request.retry.attempts":"2","ips.failed.request.retry.attempts.interval":"60","ips.trace.failed.entity.content":"true","ProxyType":"Internet","Type":"HTTP","URL":"https://xxxxx.accounts.ondemand.com","User":"xxxxxx"},"encryptedProperties":{"Password":null},"automaticOutboundCertificateRenew":false,"transformationChanged":false,"readTransformationChanged":false,"writeTransformationChanged":false,"fromImport":false,"transformation":{"user":{"condition":"($.emails EMPTY false) && ($.userName EMPTY false)","mappings":[{"sourceVariable":"entityIdTargetSystem","targetPath":"$.id"},{"constant":["urn:ietf:params:scim:schemas:core:2.0:User","urn:ietf:params:scim:schemas:extension:enterprise:2.0:User","urn:ietf:params:scim:schemas:extension:sap:2.0:User","urn:sap:cloud:scim:schemas:extension:custom:2.0:User"],"targetPath":"$.schemas"},{"sourcePath":"$.userName","targetPath":"$.userName"},{"sourcePath":"$.emails","preserveArrayWithSingleElement":true,"targetPath":"$['urn:ietf:params:scim:schemas:extension:sap:2.0:User']['emails']","scope":"createEntity","functions":[{"function":"putIfAbsent","key":"verified","defaultValue":true}]},{"targetPath":"$['urn:ietf:params:scim:schemas:extension:sap:2.0:User']['emails'][*]['type']","type":"remove"},{"sourcePath":"$.emails[*].['value','display','primary']","preserveArrayWithSingleElement":true,"targetPath":"$.emails"},{"sourcePath":"$.addresses","preserveArrayWithSingleElement":true,"optional":true,"targetPath":"$.addresses","functions":[{"function":"putIfAbsent","key":"type","defaultValue":"work"},{"function":"putIfPresent","condition":"(@.type NIN ['work', 'home'])","key":"type","defaultValue":"work"}],"defaultValue":[]},{"condition":"$.phoneNumbers[*].value == null","targetPath":"$.phoneNumbers"},{"sourcePath":"$.displayName","optional":true,"targetPath":"$.displayName"},{"sourcePath":"$.userType","optional":true,"targetPath":"$.userType","defaultValue":"employee"},{"sourcePath":"$.locale","optional":true,"targetPath":"$.locale"},{"sourcePath":"$.timezone","optional":true,"targetPath":"$.timezone"},{"sourcePath":"$.active","optional":true,"targetPath":"$.active","defaultValue":true},{"sourcePath":"$['urn:ietf:params:scim:schemas:extension:sap:2.0:User']['validFrom']","optional":true,"targetPath":"$['urn:ietf:params:scim:schemas:extension:sap:2.0:User']['validFrom']"},{"sourcePath":"$['urn:ietf:params:scim:schemas:extension:sap:2.0:User']['validTo']","optional":true,"targetPath":"$['urn:ietf:params:scim:schemas:extension:sap:2.0:User']['validTo']"},{"sourcePath":"$['urn:ietf:params:scim:schemas:extension:enterprise:2.0:User']['employeeNumber']","optional":true,"targetPath":"$['urn:ietf:params:scim:schemas:extension:enterprise:2.0:User']['employeeNumber']"},{"sourcePath":"$['urn:ietf:params:scim:schemas:extension:enterprise:2.0:User']['costCenter']","optional":true,"targetPath":"$['urn:ietf:params:scim:schemas:extension:enterprise:2.0:User']['costCenter']"},{"sourcePath":"$['urn:ietf:params:scim:schemas:extension:enterprise:2.0:User']['organization']","optional":true,"targetPath":"$['urn:ietf:params:scim:schemas:extension:enterprise:2.0:User']['organization']"},{"sourcePath":"$['urn:ietf:params:scim:schemas:extension:enterprise:2.0:User']['division']","optional":true,"targetPath":"$['urn:ietf:params:scim:schemas:extension:enterprise:2.0:User']['division']"},{"sourcePath":"$['urn:ietf:params:scim:schemas:extension:enterprise:2.0:User']['department']","optional":true,"targetPath":"$['urn:ietf:params:scim:schemas:extension:enterprise:2.0:User']['department']"},{"sourcePath":"$['urn:ietf:params:scim:schemas:extension:enterprise:2.0:User']['manager']['value']","optional":true,"targetPath":"$['urn:ietf:params:scim:schemas:extension:enterprise:2.0:User']['manager']['value']","functions":[{"function":"resolveEntityIds"}]},{"sourcePath":"$['urn:ietf:params:scim:schemas:extension:enterprise:2.0:User']['manager']['displayName']","optional":true,"targetPath":"$['urn:ietf:params:scim:schemas:extension:enterprise:2.0:User']['manager']['displayName']"},{"constant":false,"targetPath":"$['urn:ietf:params:scim:schemas:extension:sap:2.0:User']['sendMail']","scope":"createEntity"},{"constant":true,"targetPath":"$['urn:ietf:params:scim:schemas:extension:sap:2.0:User']['mailVerified']","scope":"createEntity"},{"constant":"disabled","targetPath":"$['urn:ietf:params:scim:schemas:extension:sap:2.0:User']['passwordDetails']['status']","scope":"createEntity"},{"sourcePath":"$['urn:sap:cloud:scim:schemas:extension:custom:2.0:User']['attributes']","preserveArrayWithSingleElement":true,"optional":true,"targetPath":"$['urn:sap:cloud:scim:schemas:extension:custom:2.0:User']['attributes']"},{"ignore":true,"constant":"<your-initial-password>","targetPath":"$.password","scope":"createEntity"},{"ignore":true,"constant":"<your-source-system-type-code>","targetPath":"$['urn:ietf:params:scim:schemas:extension:sap:2.0:User']['sourceSystem']","scope":"createEntity"},{"ignore":true,"constant":"<your-source-system-id>","targetPath":"$['urn:ietf:params:scim:schemas:extension:sap:2.0:User']['sourceSystemId']","scope":"createEntity"}]},"group":{"mappings":[{"sourceVariable":"entityIdTargetSystem","targetPath":"$.id"},{"constant":["urn:ietf:params:scim:schemas:core:2.0:Group","urn:sap:cloud:scim:schemas:extension:custom:2.0:Group"],"targetPath":"$.schemas"},{"sourcePath":"$.displayName","targetPath":"$.displayName"},{"sourcePath":"$.members[*].value","preserveArrayWithSingleElement":true,"optional":true,"targetPath":"$.members[?(@.value)]","functions":[{"function":"resolveEntityIds","entityType":"user"}]},{"sourcePath":"$.members[*].value","preserveArrayWithSingleElement":true,"optional":true,"targetPath":"$.members[?(@.value)]","functions":[{"function":"resolveEntityIds","entityType":"group"}]},{"sourcePath":"$.displayName","targetPath":"$['urn:sap:cloud:scim:schemas:extension:custom:2.0:Group']['name']","scope":"createEntity"},{"sourcePath":"$['urn:sap:cloud:scim:schemas:extension:custom:2.0:Group']['name']","optional":true,"targetPath":"$['urn:sap:cloud:scim:schemas:extension:custom:2.0:Group']['name']","scope":"createEntity"},{"sourcePath":"$['urn:sap:cloud:scim:schemas:extension:custom:2.0:Group']['description']","optional":true,"targetPath":"$['urn:sap:cloud:scim:schemas:extension:custom:2.0:Group']['description']"}]}},"gitFetchAllowed":false}