{"exportTime":"2025-10-09 18:17:19.836035929","destination":{"tokenServiceURLType":"Dedicated","Description":"Guided sourcing event management connector.","clientId":"<<Client ID Value from Developer Portal>>","tokenServiceURL":"https://api-eu.ariba.com/v2/oauth/token","URL":"https://DATACENTER.openapi.ariba.com/api/sourcing-cdm-content/v1/prod/cdmForJoule?realm=realmname","Name":"AribaApp2AppDestinationSourcing_DT","Type":"HTTP","Authentication":"OAuth2ClientCredentials","ProxyType":"Internet","clientSecret":"<removed>","URL.headers.apiKey":"<<API KEY-CDM API - Developer Portal >>"}}