{"exportTime":"2025-10-09 18:17:23.512227108","destination":{"tokenServiceURLType":"Dedicated","Description":"Guided sourcing event management connector","clientId":"<<from Developer Portal>>","tokenServiceURL":"https://fromdeveloperprotal","URL":"https://DATACENTER.openapi.ariba.com/api/procurement-cdm-content/v1/prod/cdmForJoule?realm=REALMNAME","Name":"AribaApp2AppDestinationBuyer_DT","Type":"HTTP","Authentication":"OAuth2ClientCredentials","ProxyType":"Internet","clientSecret":"<removed>","URL.headers.apiKey":"<<from developer protal>>"}}